{"walls":[{"id":0,"startPoint":{"x":-2.5,"y":-6.981019234654349e-17,"z":3.25},"endPoint":{"x":0.0,"y":-7.389195147513336e-17,"z":3.25},"height":1.25,"windows":[],"matName":"brown_mat"},{"id":0,"startPoint":{"x":-2.5,"y":-8.326006969731691e-17,"z":3.75},"endPoint":{"x":0.0,"y":-8.223369737581622e-17,"z":3.75},"height":2.25,"windows":[],"matName":"Wall_Base"},{"id":0,"startPoint":{"x":-2.5,"y":-5.3883511248659687e-17,"z":2.5},"endPoint":{"x":0.0,"y":-5.621780170239453e-17,"z":2.5},"height":1.0,"windows":[],"matName":""}],"furnitures":[]}